ImageId,PredictedClass,Confidence
16,79,0.402701
24,82,0.436826
104,100,0.343952
109,87,0.477803
121,56,0.280889
160,7,0.313022
172,5,0.488791
173,100,0.342041
195,0,0.401426
201,75,0.179532
243,68,0.493991
313,27,0.451492
329,88,0.388920
371,27,0.478483
479,87,0.409050
533,89,0.391267
553,72,0.384454
579,62,0.296938
617,95,0.374556
712,78,0.482892
