ImageId,PredictedClass,Confidence
992,87,0.498606
3146,5,0.488461
3925,78,0.499896
4245,75,0.499317
