ImageId,PredictedClass,Confidence
2891,55,0.437151
2929,68,0.452324
