ImageId,PredictedClass,Confidence
24,27,0.441339
74,24,0.450159
160,7,0.487359
201,75,0.467972
468,17,0.479915
479,64,0.465833
682,68,0.467406
883,14,0.386878
940,81,0.469285
992,29,0.430171
1000,5,0.458023
1071,73,0.397856
1408,1,0.390049
1453,39,0.433708
1547,1,0.429612
1577,17,0.453227
1797,9,0.432207
2121,93,0.480668
2419,0,0.467291
2891,12,0.319317
