ImageId,PredictedClass,Confidence
14,8,0.406715
16,79,0.468924
36,73,0.477682
43,78,0.494827
52,4,0.493622
55,71,0.434751
119,91,0.224848
121,76,0.460043
137,27,0.488381
160,98,0.243812
198,4,0.445261
201,96,0.315672
228,50,0.497534
232,20,0.490265
265,81,0.492422
307,24,0.357006
313,27,0.407781
332,48,0.473383
354,57,0.302399
374,3,0.388460
